Applicant_ID,Age,Gender,Program_Applied,GPA,SAT_Score,Acceptance_Status,Scholarship_Status,Enrollment_Status
1024,17.0,Mal,Engineering,2.62,1138.0,Rejected,Yes,Not Enrolled
1245,19.0,Male,Healthcare,3.39,1153.0,Rejected,Yes,Enrolled
1248,25.0,Male,Computer Science,2.27,1058.0,Rejected,Yes,Enrolled
1167,19.0,Male,Healthcare,2.63,1449.0,Accepted,Yes,Not Enrolled
1424,23.0,Male,Business,3.02,1455.0,Rejected,No,Not Enrolled
1185,27.0,Male,Business,2.37,1325.0,Accepted,Yes,Not Enrolled
1133,26.0,Female,Healthcare,2.72,1554.0,Rejected,No,Not Enrolled
1015,26.0,Male,Business,2.26,1530.0,Rejected,No,Not Enrolled
1371,23.0,Female,Healthcare,2.99,,Accepted,No,Enrolled
1143,21.0,Female,Healthcar,,1520.0,Accepted,Yes,Not Enrolled
1320,17.0,Female,Healthcare,3.85,1207.0,Accepted,Yes,Not Enrolled
1082,21.0,Male,Engineering,3.66,1369.0,Rejected,No,Not Enrolled
1143,21.0,Female,Healthcare,3.49,1520.0,Accepted,Yes,Not Enrolled
1488,26.0,Male,Design,3.12,1600.0,Accepted,No,Enrolled
1453,20.0,Male,Healthcare,2.88,906.0,Rejected,Yes,Not Enrolled
1412,27.0,Male,Business,3.61,1163.0,Accepted,No,Not Enrolled
1289,30.0,Female,Healthcare,2.26,1433.0,Rejected,Yes,Enrolled
1396,17.0,Male,Engineering,3.1,1466.0,Accepted,No,Not Enrolled
1270,18.0,Female,Healthcare,2.99,1349.0,Accepted,No,Enrolled
1328,22.0,Female,Healthcare,3.14,1442.0,Accepted,No,Not Enrolled
1053,18.0,Male,Healthcare,3.57,1079.0,Accepted,Yes,Enrolled
1181,17.0,Male,Business,2.8,956.0,Rejected,Yes,Enrolled
1383,28.0,Male,Computer Science,2.02,1000.0,Accepted,No,Enrolled
1030,25.0,Female,Healthcare,2.31,1002.0,Accepted,No,Enrolled
1218,25.0,Female,Healthcare,3.36,1359.0,Rejected,Yes,Enrolled
1243,29.0,Fmale,Design,2.43,1288.0,Accepted,Yes,Enrolled
1107,25.0,Male,Engineering,2.04,,Rejected,No,Not Enrolled
1347,30.0,Other,Engineering,3.98,1517.0,Accepted,No,Not Enrolled
1415,23.0,Male,Computer Science,3.79,1402.0,Accepted,No,Enrolled
1462,19.0,Male,Design,,1193.0,Accepted,Yes,Enrolled
1357,29.0,Female,Healthcare,2.1,1240.0,Accepted,Yes,Not Enrolled
1146,28.0,Male,Engineering,2.48,1462.0,Accepted,Yes,Not Enrolled
1127,29.0,Male,Healthcare,2.0,1214.0,Accepted,Yes,Not Enrolled
1214,19.0,Other,Engineering,3.5,1561.0,Accepted,Yes,Enrolled
1382,27.0,Female,Computer Science,2.57,1377.0,Accepted,Yes,Enrolled
1205,18.0,Female,Business,3.82,961.0,Rejected,No,Enrolled
1194,23.0,Fmale,Healthcare,2.36,1305.0,Accepted,Yes,Enrolled
1090,24.0,Female,Healthcare,2.75,1590.0,Accepted,,Not Enrolled
1414,20.0,Male,Engineering,2.3,1557.0,Accepted,,Not Enrolled
1063,25.0,Female,Healthcare,3.54,,Accepted,Yes,Not Enrolled
1338,23.0,Female,Business,2.91,1279.0,Rejected,No,Enrolled
1102,27.0,Female,Healthcare,3.66,997.0,Rejected,No,Not Enrolled
1321,27.0,Male,Computer Science,,1047.0,Rejected,Yes,Not Enrolled
1489,20.0,Male,Engineering,3.87,982.0,Rejected,Yes,Not Enrolled
1308,23.0,Male,Engineering,3.91,1437.0,Rejected,Yes,Not Enrolled
1286,20.0,Male,Engineering,2.15,1209.0,Rejected,Yes,Not Enrolled
1437,23.0,Femal,Computer Science,2.53,969.0,Accepted,No,Not Enrolled
1107,25.0,Mal,Engineering,,1154.0,Rejected,No,Not Enrolled
1454,25.0,Male,Business,2.84,1444.0,Rejected,Yes,Not Enrolled
1348,30.0,Female,Healthcare,2.69,940.0,Rejected,No,Enrolled
1075,20.0,Female,Healthcare,3.42,1416.0,Rejected,Yes,Not Enrolled
1392,25.0,Fmale,Engineering,2.73,1126.0,Rejected,Yes,Enrolled
1270,18.0,Female,Healthcare,2.99,1349.0,Accepted,No,Enrolled
1084,30.0,Female,Healthcare,3.82,1163.0,Accepted,Yes,Enrolled
1026,20.0,Female,Healthcare,2.68,1002.0,Accepted,No,Enrolled
1034,26.0,Male,Design,3.08,1463.0,Accepted,Yes,Enrolled
1123,17.0,Female,Healthcare,,963.0,Rejected,Yes,Not Enrolled
1012,28.0,Male,Healthcare,3.12,1178.0,Rejected,Yes,Not Enrolled
1229,29.0,Female,Healthcare,2.89,1082.0,Rejected,Yes,Enrolled
1329,,Male,Engineering,3.24,1037.0,Accepted,Yes,Enrolled
1305,29.0,Male,Engineering,2.57,1558.0,Accepted,No,Not Enrolled
1058,21.0,Male,Engineering,3.81,1407.0,Rejected,No,Enrolled
1046,19.0,Male,Computer Science,3.44,960.0,Rejected,Yes,Not Enrolled
1217,19.0,Female,Healthcare,3.7,1291.0,Accepted,No,Enrolled
1110,19.0,Male,Healthcare,3.88,1292.0,Rejected,Yes,Not Enrolled
1199,28.0,Female,Healthcare,2.89,974.0,Accepted,No,Enrolled
1169,27.0,Female,Healthcare,,1068.0,Rejected,No,Enrolled
1378,28.0,Female,Healthcare,2.56,1167.0,Rejected,Yes,Enrolled
1075,20.0,Female,Healthcare,3.42,1416.0,Rejected,Yes,Not Enrolled
1047,20.0,Female,Healthcare,2.09,991.0,Rejected,No,Enrolled
1113,21.0,Male,Engineering,,1173.0,Accepted,,Enrolled
1023,26.0,Other,Healthcare,2.04,1553.0,Accepted,Yes,Not Enrolled
1096,22.0,Femal,Healthcare,3.43,1337.0,Rejected,Yes,Not Enrolled
1249,19.0,Mle,Engineering,2.15,1182.0,Accepted,No,Enrolled
1301,26.0,Female,Healthcare,3.87,1469.0,Rejected,Yes,Enrolled
1298,25.0,Male,Engineering,3.04,1541.0,Accepted,No,Enrolled
1159,,Male,Healthcare,2.36,979.0,Accepted,Yes,Enrolled
1043,23.0,Female,Engineering,3.39,1228.0,Rejected,,Enrolled
1095,22.0,Female,Hlthcare,2.2,1315.0,Rejected,Yes,Not Enrolled
1316,23.0,Male,Engineering,2.34,1450.0,Accepted,No,Not Enrolled
1186,25.0,Male,Business,3.38,1367.0,Rejected,Yes,Enrolled
1070,27.0,Female,Healthcare,3.75,1556.0,Accepted,No,Enrolled
1284,27.0,Male,Business,2.25,1228.0,Accepted,Yes,Not Enrolled
1072,30.0,Male,Design,2.96,1436.0,Accepted,No,Not Enrolled
1327,28.0,Male,Engineering,2.42,1470.0,Accepted,No,Not Enrolled
1052,23.0,Female,Computer Science,3.5,938.0,Rejected,,Not Enrolled
1071,26.0,Other,Computer Science,2.1,1456.0,Accepted,Yes,Enrolled
1222,26.0,Male,Design,3.29,1599.0,Rejected,No,Not Enrolled
1262,21.0,Female,Computer Science,3.42,934.0,Accepted,Yes,Not Enrolled
1337,19.0,Male,Business,2.81,1360.0,Rejected,Yes,Not Enrolled
1395,22.0,Male,Business,,1167.0,Rejected,Yes,Not Enrolled
1466,28.0,Female,Healthcare,2.96,1340.0,Rejected,No,Not Enrolled
1025,25.0,Male,Design,3.9,953.0,Accepted,Yes,Enrolled
1226,18.0,Male,Business,,1569.0,Rejected,Yes,Enrolled
1296,24.0,Male,Engineering,3.74,1505.0,Accepted,,Not Enrolled
1450,18.0,Femal,Engineering,3.15,1575.0,Accepted,Yes,Enrolled
1273,,Male,Computer Science,2.93,1122.0,Accepted,No,Enrolled
1094,19.0,Mal,Business,2.64,,Rejected,,Not Enrolled
1067,25.0,Male,Computer Science,2.32,1243.0,Rejected,Yes,Not Enrolled
1336,24.0,Female,Healthcare,3.61,980.0,Rejected,Yes,Enrolled
1224,24.0,Male,Computer Science,,1452.0,Accepted,No,Enrolled
1362,,Mal,Business,3.8,1020.0,Rejected,No,Not Enrolled
1450,18.0,Female,Engineering,3.15,1575.0,Accepted,Yes,Enrolled
1265,27.0,Female,Healthcare,2.72,1588.0,Rejected,No,Enrolled
1142,19.0,Female,Healthcare,2.75,1365.0,Accepted,Yes,Enrolled
1151,26.0,Female,Healthcare,2.27,1153.0,Rejected,,Enrolled
1058,21.0,Mle,Engineering,3.81,1407.0,Rejected,No,Enrolled
1474,30.0,Female,Healthcare,3.36,1534.0,Rejected,Yes,Enrolled
1175,26.0,Female,Computer Science,3.72,1110.0,Accepted,No,Not Enrolled
1430,21.0,Female,Healthcare,2.22,1584.0,Accepted,,Not Enrolled
1032,20.0,Female,Healthcare,3.58,1040.0,Rejected,No,Enrolled
1333,20.0,Male,Computer Science,3.28,1108.0,Rejected,Yes,Enrolled
1500,30.0,Female,Design,3.91,1552.0,Rejected,No,Enrolled
1325,17.0,Male,Engineering,3.54,1322.0,Rejected,Yes,Not Enrolled
1092,30.0,Female,Healthcare,2.16,1079.0,Accepted,No,Not Enrolled
1445,18.0,Female,Healthcare,3.44,1532.0,Rejected,Yes,Enrolled
1191,22.0,Femal,Computer Science,2.85,1588.0,Rejected,No,Not Enrolled
1493,27.0,Female,Healthcare,3.09,995.0,Rejected,No,Not Enrolled
1038,17.0,Male,Business,3.75,1387.0,Rejected,Yes,Not Enrolled
1303,24.0,Male,Design,3.89,948.0,Rejected,No,Not Enrolled
1405,25.0,Female,Healthcare,2.73,1288.0,Rejected,No,Enrolled
1438,19.0,Female,Design,3.31,1054.0,Accepted,No,Not Enrolled
1221,17.0,Female,Healthcare,2.47,,Accepted,No,Enrolled
1269,24.0,Female,Computer Science,2.47,1311.0,Rejected,Yes,Not Enrolled
1245,19.0,Male,Healthcare,3.39,1153.0,Rejected,Yes,Enrolled
1063,25.0,Female,Healthcare,3.54,1205.0,Accepted,Yes,Not Enrolled
1089,21.0,Male,Engineering,2.79,1481.0,Accepted,No,Enrolled
1460,22.0,Male,Computer Science,3.7,1181.0,Accepted,No,Enrolled
1379,28.0,Male,Engineering,3.2,1268.0,Accepted,Yes,Not Enrolled
1309,20.0,Male,Business,2.55,1226.0,Accepted,Yes,Not Enrolled
1105,27.0,Male,Design,3.23,,Rejected,Yes,Enrolled
1360,19.0,Mal,Engineering,2.84,1116.0,Rejected,Yes,Enrolled
1274,22.0,Female,Healthcare,3.97,957.0,Rejected,Yes,Not Enrolled
1077,18.0,Other,Computer Science,2.25,1179.0,Accepted,Yes,Not Enrolled
1033,24.0,Female,Engineering,3.02,905.0,Accepted,Yes,Not Enrolled
1059,29.0,Male,Business,2.39,1090.0,Accepted,No,Enrolled
1126,,Male,Design,2.58,1376.0,Rejected,Yes,Enrolled
1223,22.0,Male,Healthcare,2.72,1577.0,Accepted,No,Not Enrolled
1028,27.0,Male,Computer Science,2.38,1238.0,Rejected,No,Enrolled
1078,,Male,Computer Science,2.17,1097.0,Accepted,No,Not Enrolled
1048,29.0,Male,Computer Science,2.73,1567.0,Rejected,Yes,Not Enrolled
1256,25.0,Male,Computer Science,3.34,916.0,Accepted,No,Not Enrolled
1229,29.0,Female,Healthcare,2.89,1082.0,Rejected,Yes,Enrolled
1290,22.0,Female,Healthcare,3.66,1126.0,Rejected,Yes,Enrolled
1406,18.0,Male,Computer Science,2.29,1483.0,Rejected,Yes,Enrolled
1427,26.0,Male,Healthcare,2.95,1436.0,Rejected,Yes,Enrolled
1319,28.0,Male,Engineering,2.68,1130.0,Rejected,No,Enrolled
1253,26.0,Female,Healthcare,3.62,1576.0,Accepted,Yes,Not Enrolled
1332,20.0,Male,Computer Science,3.09,1161.0,Rejected,No,Not Enrolled
1331,18.0,Female,Healthcare,3.78,1148.0,Accepted,,Not Enrolled
1150,28.0,Female,Healthcare,3.51,1123.0,Rejected,,Enrolled
1165,19.0,Male,Business,3.58,1107.0,Rejected,Yes,Enrolled
1492,20.0,Male,Computer Science,3.15,932.0,Accepted,No,Enrolled
1442,24.0,Female,Healthcare,2.1,1366.0,Rejected,No,Not Enrolled
1456,19.0,Male,Computer Science,2.41,1321.0,Accepted,Yes,Not Enrolled
1477,27.0,Male,Healthcare,2.97,1262.0,Rejected,Yes,Enrolled
1318,30.0,Male,Design,3.8,1146.0,Rejected,Yes,Not Enrolled
1204,25.0,Female,Healthcare,3.45,1454.0,Rejected,Yes,Not Enrolled
1064,18.0,Female,Healthcare,3.56,1481.0,Accepted,No,Not Enrolled
1397,17.0,Female,Engineering,3.65,1498.0,Rejected,Yes,Enrolled
1101,27.0,Male,Computer Science,2.94,1585.0,Rejected,Yes,Enrolled
1276,26.0,Male,Healthcare,3.77,1415.0,Accepted,Yes,Not Enrolled
1156,20.0,Female,Healthcare,3.37,1357.0,Accepted,No,Enrolled
1157,19.0,Male,Computer Science,3.96,1440.0,Rejected,No,Not Enrolled
1377,23.0,Male,Business,2.1,1215.0,Rejected,Yes,Not Enrolled
1175,26.0,Female,Computer Science,3.72,1110.0,Accepted,No,Not Enrolled
1307,29.0,Male,Computer Science,2.39,1290.0,Rejected,No,Not Enrolled
1196,24.0,Female,Healthcare,2.21,903.0,Rejected,No,Not Enrolled
1323,27.0,Male,Engineering,2.16,959.0,Accepted,Yes,Enrolled
1319,28.0,Male,Engineering,2.68,1130.0,Rejected,No,Enrolled
1373,29.0,Male,Engineering,2.79,1377.0,Accepted,Yes,Not Enrolled
1494,27.0,Female,Engineering,3.79,1315.0,Rejected,Yes,Enrolled
1116,25.0,Female,Cmptr Sci,,1496.0,Accepted,Yes,Not Enrolled
1448,26.0,Other,Design,3.64,1531.0,Accepted,No,Not Enrolled
1347,,Other,Engineering,3.98,1517.0,Accepted,No,Not Enrolled
1375,24.0,Female,Healthcare,2.48,1564.0,Rejected,Yes,Enrolled
1263,23.0,Male,Business,3.4,,Rejected,Yes,Not Enrolled
1268,25.0,Male,Business,3.58,945.0,Rejected,Yes,Enrolled
1311,18.0,Female,CompSci,3.23,,Accepted,No,Enrolled
1184,18.0,Male,Business,2.68,1425.0,Rejected,,Enrolled
1451,18.0,Other,Engineering,3.4,1399.0,Accepted,Yes,Not Enrolled
1177,25.0,Male,Business,3.31,1400.0,Accepted,Yes,Not Enrolled
1389,17.0,Male,Engineering,2.09,1323.0,Rejected,Yes,Enrolled
1029,28.0,Female,Healthcare,4.0,1383.0,Rejected,Yes,Enrolled
1356,18.0,Male,Engineering,2.28,1113.0,Rejected,No,Enrolled
1144,19.0,Female,Design,2.71,1282.0,Accepted,Yes,Enrolled
1367,17.0,Female,Healthcare,2.32,1306.0,Rejected,No,Not Enrolled
1377,23.0,Male,Business,2.1,1215.0,Rejected,Yes,Not Enrolled
1457,22.0,Male,Engineering,3.0,912.0,Accepted,No,Not Enrolled
1258,28.0,Female,Healthcare,3.1,1111.0,Accepted,Yes,Enrolled
1463,24.0,Male,Computer Science,3.04,917.0,Rejected,Yes,Enrolled
1339,19.0,Female,Healthcare,3.38,994.0,Accepted,No,Not Enrolled
1163,30.0,Female,Healthcare,2.07,1460.0,Rejected,Yes,Not Enrolled
1206,30.0,Male,Healthcare,3.23,970.0,Rejected,No,Not Enrolled
1221,17.0,Female,Healthcare,2.47,982.0,Accepted,No,Enrolled
1421,17.0,Female,Healthcare,3.69,1459.0,Accepted,No,Enrolled
1342,20.0,Female,Business,2.93,952.0,Accepted,,Enrolled
1216,29.0,Female,Engineering,2.06,1283.0,Accepted,No,Enrolled
1119,,Female,Computer Science,2.13,1167.0,Rejected,No,Enrolled
1084,30.0,Fmale,Healthcare,3.82,1163.0,Accepted,Yes,Enrolled
1033,24.0,Female,Engineering,3.02,905.0,Accepted,Yes,Not Enrolled
1039,29.0,Male,Computer Science,3.24,1388.0,Rejected,No,Not Enrolled
1202,29.0,Female,Business,2.89,1252.0,Rejected,No,Not Enrolled
1061,28.0,Femal,Healthcare,3.14,938.0,Rejected,Yes,Enrolled
1346,29.0,Fmale,Healthcare,2.64,1519.0,Accepted,Yes,Not Enrolled
1102,27.0,Female,Healthcare,3.66,997.0,Rejected,,Not Enrolled
1172,18.0,Female,Computer Science,2.07,,Rejected,No,Enrolled
1431,20.0,Female,Healthcare,2.83,949.0,Rejected,Yes,Not Enrolled
1077,18.0,Other,Computer Science,2.25,1179.0,Accepted,Yes,Not Enrolled
1334,20.0,Male,Engineering,2.6,,Accepted,No,Enrolled
1069,,Male,Computer Science,3.21,1365.0,Rejected,No,Enrolled
1148,25.0,Female,Healthcare,2.21,,Rejected,,Not Enrolled
1438,19.0,Female,Design,3.31,1054.0,Accepted,No,Not Enrolled
1337,19.0,Male,Business,,1360.0,Rejected,Yes,Not Enrolled
1162,17.0,Male,Healthcare,3.89,963.0,Rejected,Yes,Enrolled
1341,24.0,Male,Business,2.83,1095.0,Rejected,Yes,Not Enrolled
1171,26.0,Female,Healthcare,2.95,1432.0,Accepted,No,Not Enrolled
1258,28.0,Female,Healthcare,3.1,1111.0,Accepted,Yes,Enrolled
1420,26.0,Female,Healthcare,3.23,1043.0,Rejected,Yes,Not Enrolled
1216,29.0,Female,Engineering,2.06,1283.0,Accepted,No,Enrolled
1314,22.0,Male,Business,3.18,1285.0,Accepted,Yes,Enrolled
1242,25.0,Female,Healthcare,3.41,1444.0,Rejected,Yes,Not Enrolled
1490,28.0,Male,Healthcare,3.44,1569.0,Accepted,No,Enrolled
1053,18.0,Male,Healthcare,3.57,1079.0,Accepted,,Enrolled
1409,18.0,Female,Computer Science,2.08,1463.0,Accepted,No,Enrolled
1003,17.0,Female,Computer Science,2.16,1352.0,Accepted,Yes,Not Enrolled
1048,29.0,Male,Computer Science,2.73,1567.0,Rejected,Yes,Not Enrolled
1361,23.0,Mle,Design,3.93,1094.0,Rejected,No,Not Enrolled
1417,26.0,Male,Engineering,3.86,1072.0,Rejected,No,Not Enrolled
1040,29.0,Female,Healthcare,3.19,1566.0,Rejected,Yes,Not Enrolled
1355,17.0,Male,Engineering,2.9,1390.0,Rejected,Yes,Enrolled
1451,18.0,Other,Engineering,3.4,1399.0,Accepted,Yes,Not Enrolled
1496,21.0,Female,Healthcare,2.69,1286.0,Rejected,No,Not Enrolled
1081,29.0,Male,Engineering,,1066.0,Accepted,No,Not Enrolled
1037,30.0,Male,Healthcare,3.32,1568.0,Accepted,No,Not Enrolled
1035,,Male,Engineering,3.48,1061.0,Rejected,No,Not Enrolled
1239,30.0,Male,Healthcare,3.83,1589.0,Rejected,No,Not Enrolled
1478,18.0,Male,Healthcare,3.91,1173.0,Rejected,No,Enrolled
1199,28.0,Female,Healthcare,2.89,974.0,Accepted,No,Enrolled
1343,30.0,Male,Cmptr Sci,2.68,1174.0,Rejected,No,Enrolled
1004,28.0,Male,Computer Science,3.33,1571.0,Rejected,Yes,Not Enrolled
1211,25.0,Female,Computer Science,3.34,1084.0,Accepted,Yes,Not Enrolled
1016,23.0,Male,Healthcare,3.41,1500.0,Accepted,,Enrolled
1308,23.0,Male,Engineering,3.91,1437.0,Rejected,Yes,Not Enrolled
1315,23.0,Male,Business,3.16,1088.0,Rejected,Yes,Enrolled
1115,28.0,Female,Healthcare,2.24,1209.0,Rejected,No,Enrolled
1443,22.0,Female,Business,2.96,1282.0,Accepted,Yes,Not Enrolled
1083,18.0,Female,Healthcare,2.18,1563.0,Rejected,No,Not Enrolled
1090,24.0,Female,Healthcare,2.75,1590.0,Accepted,No,Not Enrolled
1295,27.0,Male,Healthcare,3.01,1470.0,Accepted,No,Not Enrolled
1088,23.0,Male,Business,2.83,1202.0,Accepted,Yes,Not Enrolled
1330,30.0,Other,Business,2.06,1297.0,Accepted,Yes,Enrolled
1298,25.0,Male,Engineering,3.04,1541.0,Accepted,No,Enrolled
1407,30.0,Mal,Engineering,3.2,1151.0,Accepted,,Enrolled
1411,18.0,Female,Healthcare,,1245.0,Accepted,No,Enrolled
1333,20.0,Male,Computer Science,3.28,1108.0,Rejected,Yes,Enrolled
1021,20.0,Male,Engineering,3.34,1443.0,Accepted,Yes,Enrolled
1429,22.0,Male,Design,2.66,976.0,Accepted,Yes,Not Enrolled
1435,20.0,Male,Computer Science,3.26,1545.0,Rejected,Yes,Not Enrolled
1006,20.0,Male,Business,2.62,1390.0,Rejected,No,Enrolled
1239,30.0,Male,Healthcare,3.83,1589.0,Rejected,No,Not Enrolled
1480,21.0,Male,Computer Science,2.6,980.0,Rejected,No,Enrolled
1103,18.0,Male,Design,3.52,1089.0,Rejected,Yes,Not Enrolled
1275,17.0,Female,Healthcare,2.26,1043.0,Rejected,Yes,Enrolled
1369,23.0,Male,Engineering,,1465.0,Accepted,Yes,Not Enrolled
1380,29.0,Female,Healthcare,3.69,1425.0,Rejected,No,Not Enrolled
1307,29.0,Male,CompSci,2.39,1290.0,Rejected,No,Not Enrolled
1393,17.0,Female,Healthcare,2.58,1049.0,Accepted,Yes,Not Enrolled
1138,24.0,Male,Business,2.04,1124.0,Rejected,No,Not Enrolled
1394,28.0,Male,Business,2.77,916.0,Accepted,No,Not Enrolled
1131,18.0,Other,Computer Science,3.34,1218.0,Rejected,No,Enrolled
1124,20.0,Male,Business,3.15,1583.0,Accepted,Yes,Enrolled
1413,30.0,Male,Engineering,3.04,1400.0,Rejected,No,Enrolled
1259,28.0,Female,Healthcare,2.58,968.0,Accepted,No,Enrolled
1026,20.0,Female,Healthcare,2.68,1002.0,Accepted,No,Enrolled
1011,27.0,Female,Healthcare,2.17,1475.0,Rejected,Yes,Not Enrolled
1203,19.0,Female,Healthcare,2.89,965.0,Accepted,Yes,Not Enrolled
1109,,Male,Design,2.3,1167.0,Accepted,Yes,Not Enrolled
1087,18.0,Female,Computer Science,3.86,1245.0,Rejected,No,Not Enrolled
1292,25.0,Male,Business,3.18,1207.0,Rejected,Yes,Enrolled
1093,,Female,Healthcare,2.45,1525.0,Accepted,No,Not Enrolled
1306,24.0,Femal,Healthcare,2.16,1587.0,Accepted,Yes,Not Enrolled
1247,24.0,Female,Healthcare,2.4,1254.0,Rejected,No,Not Enrolled
1299,19.0,Male,Business,2.61,1595.0,Rejected,No,Not Enrolled
1219,29.0,Male,Computer Science,2.88,1286.0,Rejected,Yes,Enrolled
1225,17.0,Male,CompSci,2.06,1036.0,Rejected,Yes,Enrolled
1371,23.0,Female,Healthcare,2.99,1189.0,Accepted,No,Enrolled
1464,30.0,Mle,Business,3.12,1414.0,Accepted,No,Enrolled
1235,18.0,Female,Healthcare,3.92,903.0,Rejected,No,Not Enrolled
1465,25.0,Male,Engineering,4.0,1590.0,Accepted,No,Enrolled
1461,21.0,Female,Healthcare,3.45,1448.0,Rejected,No,Not Enrolled
1305,29.0,Male,Engineering,2.57,1558.0,Accepted,No,Not Enrolled
1002,18.0,Female,Healthcare,2.3,1254.0,Accepted,No,Not Enrolled
1479,19.0,Male,Design,,1306.0,Accepted,No,Not Enrolled
1374,29.0,Female,Healthcar,2.91,1446.0,Rejected,No,Enrolled
1483,28.0,Male,Business,3.54,1370.0,Accepted,No,Not Enrolled
1449,26.0,Male,Engineering,2.48,1394.0,Accepted,Yes,Enrolled
1441,21.0,Female,Healthcare,2.46,1417.0,Rejected,No,Not Enrolled
1009,28.0,Male,Healthcare,2.26,,Accepted,No,Not Enrolled
1162,,Male,Healthcare,3.89,963.0,Rejected,Yes,Enrolled
1045,21.0,Male,Healthcar,3.81,1561.0,Accepted,No,Not Enrolled
1455,21.0,Male,Engineering,2.83,1464.0,Rejected,No,Not Enrolled
1497,25.0,Male,Engineering,,1465.0,Rejected,No,Not Enrolled
1435,20.0,Male,Computer Science,3.26,1545.0,Rejected,Yes,Not Enrolled
1287,18.0,Female,Healthcare,2.93,1046.0,Rejected,No,Not Enrolled
1464,30.0,Male,Business,3.12,1414.0,Accepted,No,Enrolled
1344,18.0,Female,Healthcare,2.29,,Accepted,No,Enrolled
1082,21.0,Male,Engineering,3.66,1369.0,Rejected,No,Not Enrolled
1447,24.0,Male,Engineering,2.76,1582.0,Accepted,Yes,Not Enrolled
1072,30.0,Male,Design,2.96,1436.0,Accepted,No,Not Enrolled
1100,28.0,Female,Healthcare,3.83,1310.0,Accepted,Yes,Enrolled
1034,26.0,Male,Design,3.08,1463.0,Accepted,Yes,Enrolled
1087,,Female,Computer Science,3.86,1245.0,Rejected,No,Not Enrolled
1215,22.0,Female,Healthcare,2.32,1330.0,Accepted,No,Enrolled
1463,24.0,Male,Computer Science,,917.0,Rejected,Yes,Enrolled
1468,26.0,Female,Healthcare,3.91,1009.0,Accepted,No,Not Enrolled
1236,18.0,Male,Healthcare,2.05,923.0,Accepted,No,Enrolled
1363,24.0,Male,Healthcare,3.63,1390.0,Rejected,Yes,Not Enrolled
1236,18.0,Male,Hlthcare,2.05,,Accepted,No,Enrolled
1220,,Male,Cmptr Sci,2.25,1284.0,Rejected,Yes,Not Enrolled
1085,20.0,Female,Healthcare,3.63,1090.0,Rejected,No,Enrolled
1155,22.0,Femal,Healthcare,3.66,1438.0,Rejected,,Not Enrolled
1311,18.0,Female,Computer Science,3.23,1318.0,Accepted,No,Enrolled
1135,22.0,Female,Healthcare,3.09,1276.0,Accepted,No,Not Enrolled
1286,20.0,Male,Engineering,2.15,1209.0,Rejected,Yes,Not Enrolled
1008,19.0,Male,Cmptr Sci,3.32,1106.0,Accepted,Yes,Not Enrolled
1353,25.0,Male,Design,2.48,1472.0,Rejected,No,Not Enrolled
1500,30.0,Female,Design,3.91,1552.0,Rejected,No,Enrolled
1219,,Mal,Computer Science,2.88,1286.0,Rejected,Yes,Enrolled
1140,27.0,Male,Healthcare,2.09,1389.0,Rejected,Yes,Not Enrolled
1210,27.0,Female,Healthcare,2.11,1318.0,Accepted,No,Enrolled
1320,17.0,Female,Healthcare,3.85,1207.0,Accepted,Yes,Not Enrolled
1230,21.0,Male,Design,2.15,1450.0,Rejected,No,Not Enrolled
1136,20.0,Female,Healthcare,3.57,1529.0,Rejected,No,Not Enrolled
1001,27.0,Male,Engineering,3.21,980.0,Accepted,Yes,Not Enrolled
1325,17.0,Mal,Engineering,3.54,1322.0,Rejected,,Not Enrolled
1213,20.0,Female,Healthcare,3.03,1556.0,Accepted,Yes,Enrolled
1051,18.0,Male,Design,3.22,1447.0,Accepted,Yes,Enrolled
1384,24.0,Female,Design,2.21,1380.0,Accepted,,Not Enrolled
1036,29.0,Female,Design,3.05,1316.0,Accepted,No,Enrolled
1492,20.0,Male,Computer Science,3.15,932.0,Accepted,No,Enrolled
1417,26.0,Male,Engineering,3.86,1072.0,Rejected,No,Not Enrolled
1179,25.0,Male,Business,3.6,1422.0,Accepted,No,Not Enrolled
1132,20.0,Female,Computer Science,3.05,1020.0,Rejected,No,Not Enrolled
1407,30.0,Male,Engineering,3.2,1151.0,Accepted,No,Enrolled
1433,28.0,Female,Healthcare,3.8,1322.0,Rejected,No,Enrolled
1056,,Male,Engineering,3.93,937.0,Rejected,Yes,Not Enrolled
1416,18.0,Male,Engineering,2.28,1371.0,Accepted,Yes,Enrolled
1096,22.0,Female,Healthcare,3.43,1337.0,Rejected,Yes,Not Enrolled
1454,25.0,Male,Business,2.84,1444.0,Rejected,Yes,Not Enrolled
1188,21.0,Female,Healthcare,3.59,959.0,Rejected,No,Enrolled
1283,28.0,Female,Healthcare,3.15,1588.0,Rejected,Yes,Enrolled
1408,19.0,Male,Design,2.8,1411.0,Rejected,Yes,Not Enrolled
1074,26.0,Male,Business,3.87,1037.0,Rejected,Yes,Not Enrolled
1300,28.0,Female,Engineering,2.32,1337.0,Accepted,No,Not Enrolled
1138,24.0,Male,Business,2.04,,Rejected,No,Not Enrolled
1309,20.0,Male,Business,2.55,1226.0,Accepted,Yes,Not Enrolled
1437,23.0,Female,Computer Science,2.53,969.0,Accepted,No,Not Enrolled
1336,24.0,Female,Healthcare,3.61,980.0,Rejected,Yes,Enrolled
1151,26.0,Female,Healthcare,2.27,1153.0,Rejected,Yes,Enrolled
1436,21.0,Fmale,Healthcare,3.19,1136.0,Accepted,Yes,Not Enrolled
1086,30.0,Female,Healthcare,,914.0,Rejected,Yes,Not Enrolled
1142,19.0,Female,Healthcare,2.75,1365.0,Accepted,Yes,Enrolled
1465,25.0,Male,Engineering,4.0,1590.0,Accepted,No,Enrolled
1171,26.0,Female,Healthcare,2.95,1432.0,Accepted,No,Not Enrolled
1032,20.0,Fmale,Healthcare,3.58,1040.0,Rejected,No,Enrolled
1282,18.0,Male,Business,2.82,1512.0,Accepted,No,Enrolled
1200,21.0,Femal,Healthcare,3.44,946.0,Rejected,Yes,Not Enrolled
1401,30.0,Male,Computer Science,2.19,,Accepted,Yes,Enrolled
1363,24.0,Male,Healthcare,3.63,1390.0,Rejected,Yes,Not Enrolled
1176,,Male,Engineering,2.1,1497.0,Accepted,No,Not Enrolled
1212,,Female,Engineering,2.81,1038.0,Rejected,No,Enrolled
1147,25.0,Female,Healthcare,3.31,1382.0,Rejected,No,Not Enrolled
1180,30.0,Male,Engineering,2.87,1356.0,Accepted,Yes,Enrolled
1008,19.0,Male,Cmptr Sci,3.32,1106.0,Accepted,Yes,Not Enrolled
1254,23.0,Female,Healthcare,3.94,1329.0,Rejected,Yes,Enrolled
1493,27.0,Femal,Healthcare,3.09,995.0,Rejected,No,Not Enrolled
1079,27.0,Fmale,Healthcare,2.32,1015.0,Accepted,Yes,Not Enrolled
1423,18.0,Male,Computer Science,3.01,1088.0,Accepted,No,Not Enrolled
1322,27.0,Male,Computer Science,3.73,1374.0,Accepted,No,Enrolled
1246,27.0,Mal,Computer Science,4.0,1371.0,Rejected,Yes,Enrolled
1152,23.0,Mal,Computer Science,2.7,1596.0,Accepted,No,Enrolled
1301,26.0,Femal,Hlthcare,3.87,1469.0,Rejected,Yes,Enrolled
1242,25.0,Female,Healthcare,3.41,1444.0,Rejected,Yes,Not Enrolled
1228,30.0,Male,Computer Science,2.74,1021.0,Accepted,No,Enrolled
1436,21.0,Female,Healthcare,3.19,1136.0,Accepted,Yes,Not Enrolled
1001,27.0,Male,Engineering,3.21,980.0,Accepted,Yes,Not Enrolled
1139,23.0,Male,Computer Science,3.75,1036.0,Rejected,Yes,Enrolled
1131,18.0,Other,Computer Science,3.34,1218.0,Rejected,No,Enrolled
1283,28.0,Female,Healthcare,3.15,1588.0,Rejected,,Enrolled
1192,18.0,Male,Computer Science,2.86,1215.0,Accepted,Yes,Not Enrolled
1045,21.0,Male,Healthcare,3.81,1561.0,Accepted,No,Not Enrolled
1203,19.0,Fmale,Healthcare,2.89,965.0,Accepted,Yes,Not Enrolled
1114,27.0,Male,Computer Science,,1237.0,Accepted,Yes,Not Enrolled
1094,19.0,Mle,Business,2.64,1554.0,Rejected,No,Not Enrolled
1060,17.0,Male,Engineering,3.36,1196.0,Rejected,,Enrolled
1418,20.0,Male,Computer Science,2.64,1260.0,Accepted,No,Not Enrolled
1457,22.0,Male,Engineering,,912.0,Accepted,No,Not Enrolled
1266,22.0,Male,Business,2.45,949.0,Rejected,Yes,Enrolled
1365,30.0,Other,Healthcare,3.44,1518.0,Accepted,No,Not Enrolled
1027,28.0,Female,Healthcare,3.53,1323.0,Rejected,No,Enrolled
1482,18.0,Female,Healthcare,3.96,1315.0,Rejected,No,Enrolled
1043,23.0,Fmale,Engineering,3.39,1228.0,Rejected,No,Enrolled
1035,21.0,Mal,Engineering,3.48,1061.0,Rejected,No,Not Enrolled
1124,20.0,Male,Business,3.15,1583.0,Accepted,Yes,Enrolled
1201,25.0,Female,Healthcare,2.33,1333.0,Rejected,Yes,Not Enrolled
1439,27.0,Male,Business,3.94,909.0,Accepted,No,Enrolled
1349,25.0,Male,Computer Science,2.8,974.0,Accepted,No,Enrolled
1055,30.0,Female,Healthcare,2.48,1080.0,Accepted,Yes,Enrolled
1009,28.0,Mal,Healthcare,2.26,,Accepted,No,Not Enrolled
1018,17.0,Femal,Healthcare,3.99,1148.0,Rejected,Yes,Not Enrolled
1433,,Female,Healthcare,,1322.0,Rejected,No,Enrolled
1290,22.0,Female,Healthcare,3.66,1126.0,Rejected,Yes,Enrolled
1273,18.0,Male,Computer Science,2.93,1122.0,Accepted,,Enrolled
1326,23.0,Female,Healthcare,2.53,1326.0,Rejected,Yes,Enrolled
1218,25.0,Fmale,Healthcare,3.36,1359.0,Rejected,Yes,Enrolled
1189,29.0,Male,Business,2.53,1472.0,Accepted,No,Enrolled
1342,20.0,Female,Business,2.93,952.0,Accepted,Yes,Enrolled
1020,20.0,Male,Engineering,2.19,1585.0,Accepted,Yes,Enrolled
1462,19.0,Male,Design,3.41,1193.0,Accepted,Yes,Enrolled
1020,20.0,Male,Engineering,,1585.0,Accepted,Yes,Enrolled
1223,22.0,Male,Healthcare,2.72,1577.0,Accepted,No,Not Enrolled
1498,24.0,Female,Healthcare,2.29,1387.0,Accepted,No,Enrolled
1073,22.0,Female,Healthcare,2.74,1405.0,Accepted,Yes,Not Enrolled
1446,17.0,Male,Design,3.55,1553.0,Rejected,Yes,Enrolled
1379,28.0,Male,Engineering,3.2,1268.0,Accepted,Yes,Not Enrolled
1089,21.0,Male,Engineering,2.79,1481.0,Accepted,No,Enrolled
1065,23.0,Female,Healthcare,3.01,1517.0,Accepted,Yes,Enrolled
1145,20.0,Female,Engineering,2.14,1325.0,Rejected,Yes,Enrolled
1281,17.0,Mle,Business,2.82,1491.0,Rejected,Yes,Enrolled
1294,21.0,Female,Engineering,2.26,962.0,Accepted,Yes,Not Enrolled
1372,21.0,Female,Healthcare,2.18,1289.0,Rejected,No,Not Enrolled
1366,23.0,Male,CompSci,2.38,1109.0,Accepted,Yes,Not Enrolled
1471,25.0,Male,Business,3.09,1052.0,Rejected,Yes,Enrolled
1287,18.0,Female,Healthcare,2.93,1046.0,Rejected,No,Not Enrolled
1014,18.0,Female,Healthcare,2.66,1011.0,Accepted,Yes,Enrolled
1189,29.0,Mal,Business,2.53,1472.0,Accepted,No,Enrolled
1380,29.0,Female,Healthcare,3.69,1425.0,Rejected,No,Not Enrolled
1394,28.0,Male,Business,2.77,916.0,Accepted,No,Not Enrolled
1121,,Male,Healthcare,3.0,1268.0,Rejected,No,Not Enrolled
1231,20.0,Female,Healthcare,2.28,1302.0,Rejected,Yes,Not Enrolled
1078,17.0,Male,Computer Science,2.17,1097.0,Accepted,No,Not Enrolled
1485,19.0,Female,Engineering,3.38,1149.0,Accepted,Yes,Not Enrolled
1160,18.0,Female,Healthcare,2.27,1477.0,Rejected,Yes,Not Enrolled
1049,22.0,Male,Computer Science,,1487.0,Accepted,No,Not Enrolled
1088,23.0,Male,Business,2.83,1202.0,Accepted,Yes,Not Enrolled
1140,27.0,Male,Healthcare,2.09,1389.0,Rejected,Yes,Not Enrolled
1183,28.0,Male,Engineering,3.91,1035.0,Rejected,Yes,Not Enrolled
1172,18.0,Female,Computer Science,2.07,1352.0,Rejected,No,Enrolled
1180,30.0,Male,Engineering,2.87,1356.0,Accepted,Yes,Enrolled
1091,27.0,Female,Healthcare,2.77,1097.0,Rejected,Yes,Enrolled
1385,19.0,Mle,Healthcare,2.27,1227.0,Rejected,No,Not Enrolled
1406,18.0,Male,Computer Science,2.29,1483.0,Rejected,Yes,Enrolled
1170,23.0,Male,Engineering,3.63,1235.0,Accepted,Yes,Enrolled
1257,29.0,Female,Healthcare,3.42,1146.0,Rejected,Yes,Not Enrolled
1141,24.0,Femal,Healthcare,2.77,1056.0,Accepted,Yes,Enrolled
1398,26.0,Male,Business,,1493.0,Accepted,No,Enrolled
1176,24.0,Male,Engineering,2.1,1497.0,Accepted,No,Not Enrolled
1387,21.0,Male,Computer Science,2.73,1279.0,Accepted,Yes,Not Enrolled
1425,27.0,Male,Engineering,2.98,1557.0,Accepted,No,Enrolled
1080,20.0,Male,Computer Science,2.9,1238.0,Rejected,No,Enrolled
1119,22.0,Female,CompSci,2.13,1167.0,Rejected,No,Enrolled
1104,26.0,Femal,Computer Science,2.94,1043.0,Rejected,No,Enrolled
1476,21.0,Male,Engineering,2.53,1158.0,Accepted,Yes,Not Enrolled
1403,19.0,Male,Engineering,3.97,1237.0,Accepted,Yes,Enrolled
1110,19.0,Male,Healthcare,3.88,1292.0,Rejected,Yes,Not Enrolled
1120,30.0,Female,Healthcare,3.67,1569.0,Rejected,No,Enrolled
1430,21.0,Female,Healthcare,,1584.0,Accepted,Yes,Not Enrolled
1028,27.0,Male,Computer Science,2.38,,Rejected,No,Enrolled
1472,17.0,Male,Computer Science,,1146.0,Accepted,No,Not Enrolled
1422,26.0,Female,Healthcare,3.19,1400.0,Rejected,Yes,Enrolled
1098,27.0,Male,Engineering,2.29,1235.0,Accepted,,Enrolled
1443,22.0,Femal,Business,2.96,1282.0,Accepted,,Not Enrolled
1095,22.0,Fmale,Healthcare,2.2,1315.0,Rejected,Yes,Not Enrolled
1346,29.0,Femal,Healthcare,2.64,1519.0,Accepted,Yes,Not Enrolled
1007,20.0,Other,Computer Science,3.31,1119.0,Accepted,No,Enrolled
1434,22.0,Male,Computer Science,3.74,1040.0,Accepted,No,Not Enrolled
1446,17.0,Male,Design,3.55,1553.0,Rejected,Yes,Enrolled
1111,24.0,Female,Healthcare,3.22,1141.0,Accepted,No,Not Enrolled
1099,21.0,Female,Healthcare,2.08,988.0,Accepted,No,Enrolled
1117,20.0,Female,Healthcare,3.28,1486.0,Rejected,,Not Enrolled
1100,28.0,Female,Healthcare,3.83,1310.0,Accepted,Yes,Enrolled
1013,25.0,Female,Healthcare,3.29,1040.0,Accepted,Yes,Enrolled
1409,18.0,Female,Computer Science,2.08,1463.0,Accepted,No,Enrolled
1037,30.0,Male,Healthcare,3.32,1568.0,Accepted,No,Not Enrolled
1047,20.0,Female,Healthcare,,991.0,Rejected,No,Enrolled
1046,19.0,Male,Computer Science,3.44,960.0,Rejected,Yes,Not Enrolled
1339,19.0,Female,Healthcare,3.38,994.0,Accepted,No,Not Enrolled
1174,23.0,Male,Business,2.57,1596.0,Rejected,Yes,Not Enrolled
1365,30.0,Other,Healthcare,3.44,1518.0,Accepted,No,Not Enrolled
1388,20.0,Female,Healthcare,2.81,1220.0,Accepted,Yes,Not Enrolled
1103,18.0,Male,Design,3.52,1089.0,Rejected,Yes,Not Enrolled
1265,27.0,Female,Healthcare,2.72,1588.0,Rejected,No,Enrolled
1106,19.0,Female,Healthcare,3.81,1231.0,Accepted,No,Not Enrolled
1439,27.0,Mal,Business,3.94,909.0,Accepted,No,Enrolled
1185,27.0,Male,Business,2.37,,Accepted,Yes,Not Enrolled
1459,20.0,Female,Engineering,2.94,1442.0,Accepted,Yes,Enrolled
1429,22.0,Male,Design,2.66,976.0,Accepted,Yes,Not Enrolled
1382,27.0,Female,Computer Science,2.57,1377.0,Accepted,Yes,Enrolled
1395,,Male,Business,2.9,1167.0,Rejected,Yes,Not Enrolled
1187,29.0,Male,Engineering,2.73,1477.0,Accepted,Yes,Enrolled
1184,18.0,Male,Business,2.68,1425.0,Rejected,Yes,Enrolled
1408,19.0,Male,Design,2.8,1411.0,Rejected,Yes,Not Enrolled
1424,23.0,Male,Business,3.02,1455.0,Rejected,No,Not Enrolled
1302,26.0,Female,Healthcare,2.45,1407.0,Accepted,Yes,Enrolled
1475,25.0,Female,Healthcare,3.61,,Accepted,Yes,Not Enrolled
1191,22.0,Female,Computer Science,2.85,1588.0,Rejected,No,Not Enrolled
1396,17.0,Male,Engineering,3.1,1466.0,Accepted,No,Not Enrolled
1471,25.0,Male,Business,3.09,1052.0,Rejected,Yes,Enrolled
1260,20.0,Female,Business,2.6,1003.0,Rejected,No,Not Enrolled
1266,22.0,Male,Business,2.45,949.0,Rejected,Yes,Enrolled
1042,28.0,Male,Design,2.36,1194.0,Rejected,No,Enrolled
1345,24.0,Female,Healthcare,3.72,1589.0,Accepted,,Enrolled
1017,,Male,Business,3.89,1145.0,Accepted,No,Not Enrolled
1334,20.0,Male,Engineering,2.6,1238.0,Accepted,No,Enrolled
1267,24.0,Fmale,Healthcare,3.97,1150.0,Accepted,No,Enrolled
1230,21.0,Male,Design,2.15,1450.0,Rejected,No,Not Enrolled
1186,25.0,Male,Business,3.38,1367.0,Rejected,Yes,Enrolled
1498,24.0,Female,Healthcare,2.29,1387.0,Accepted,No,Enrolled
1025,25.0,Male,Design,,953.0,Accepted,Yes,Enrolled
1368,19.0,Male,Engineering,3.99,1145.0,Rejected,Yes,Enrolled
1173,,Male,Engineering,3.29,1019.0,Rejected,Yes,Enrolled
1373,29.0,Male,Engineering,2.79,1377.0,Accepted,Yes,Not Enrolled
1351,17.0,Male,Computer Science,3.03,1501.0,Rejected,No,Not Enrolled
1444,29.0,Male,Healthcare,3.05,961.0,Accepted,,Enrolled
1055,30.0,Female,Healthcare,2.48,1080.0,Accepted,Yes,Enrolled
1343,30.0,Mal,Computer Science,2.68,1174.0,Rejected,No,Enrolled
1210,,Female,Healthcare,2.11,1318.0,Accepted,,Enrolled
1137,27.0,Female,Healthcare,3.02,1126.0,Rejected,No,Not Enrolled
1099,21.0,Female,Healthcare,2.08,988.0,Accepted,No,Enrolled
1062,24.0,Male,Business,2.88,909.0,Rejected,Yes,Enrolled
1073,22.0,Female,Healthcare,2.74,1405.0,Accepted,Yes,Not Enrolled
1128,22.0,Female,Healthcare,,,Rejected,No,Enrolled
1293,20.0,Female,Healthcare,3.54,1181.0,Accepted,No,Enrolled
1355,17.0,Mle,Engineering,2.9,1390.0,Rejected,Yes,Enrolled
1447,24.0,Male,Engineering,2.76,1582.0,Accepted,Yes,Not Enrolled
1160,18.0,Female,Healthcare,2.27,1477.0,Rejected,Yes,Not Enrolled
1081,29.0,Male,Engineering,3.03,1066.0,Accepted,No,Not Enrolled
1238,24.0,Female,Healthcare,3.04,1374.0,Accepted,No,Enrolled
1461,21.0,Female,Healthcare,3.45,1448.0,Rejected,No,Not Enrolled
1195,19.0,Male,Computer Science,2.59,1160.0,Rejected,Yes,Not Enrolled
1280,20.0,Female,Healthcare,2.96,1226.0,Accepted,No,Enrolled
1244,19.0,Male,Engineering,3.22,1135.0,Rejected,No,Not Enrolled
1390,26.0,Other,Engineering,2.1,946.0,Rejected,No,Enrolled
1123,17.0,Female,Healthcare,3.26,963.0,Rejected,Yes,Not Enrolled
1458,18.0,Female,Healthcar,3.22,917.0,Rejected,Yes,Enrolled
1014,18.0,Female,Healthcare,2.66,1011.0,Accepted,Yes,Enrolled
1335,25.0,Male,Business,2.49,1562.0,Rejected,Yes,Not Enrolled
1097,20.0,Female,Healthcare,2.67,1427.0,Rejected,Yes,Not Enrolled
1133,,Female,Healthcare,2.72,1554.0,Rejected,No,Not Enrolled
1122,29.0,Female,Design,3.07,1141.0,Rejected,Yes,Enrolled
1488,26.0,Male,Design,3.12,1600.0,Accepted,No,Enrolled
1200,21.0,Female,Healthcare,3.44,946.0,Rejected,Yes,Not Enrolled
1061,28.0,Female,Healthcare,3.14,938.0,Rejected,Yes,Enrolled
1375,24.0,Female,Healthcare,2.48,1564.0,Rejected,Yes,Enrolled
1425,27.0,Mle,Engineering,2.98,1557.0,Accepted,,Enrolled
1381,25.0,Female,Healthcare,3.35,1409.0,Rejected,Yes,Not Enrolled
1277,25.0,Female,Healthcare,2.13,1196.0,Accepted,Yes,Not Enrolled
1050,18.0,Male,Healthcare,3.94,1137.0,Rejected,Yes,Not Enrolled
1360,19.0,Male,Engineering,2.84,1116.0,Rejected,Yes,Enrolled
1202,29.0,Female,Business,2.89,1252.0,Rejected,No,Not Enrolled
1214,19.0,Other,Engineering,3.5,1561.0,Accepted,Yes,Enrolled
1344,18.0,Female,Healthcare,,1286.0,Accepted,No,Enrolled
1244,19.0,Male,Engineering,3.22,1135.0,Rejected,No,Not Enrolled
1272,20.0,Female,Healthcare,3.14,,Accepted,Yes,Enrolled
1458,18.0,Female,Healthcare,3.22,917.0,Rejected,Yes,Enrolled
1182,27.0,Male,Design,2.88,1364.0,Rejected,Yes,Enrolled
1313,23.0,Female,Healthcar,3.28,,Accepted,Yes,Enrolled
1352,27.0,Female,Business,2.21,1587.0,Accepted,Yes,Enrolled
1481,18.0,Female,Healthcare,3.88,1282.0,Rejected,No,Not Enrolled
1156,20.0,Fmale,Healthcare,3.37,1357.0,Accepted,No,Enrolled
1130,21.0,Male,Computer Science,2.37,1414.0,Accepted,Yes,Not Enrolled
1295,27.0,Male,Healthcare,3.01,1470.0,Accepted,No,Not Enrolled
1054,22.0,Female,Computer Science,2.47,1327.0,Accepted,Yes,Not Enrolled
1364,20.0,Male,Computer Science,3.87,1148.0,Rejected,Yes,Enrolled
1440,27.0,Female,Engineering,3.16,1123.0,Accepted,Yes,Enrolled
1149,21.0,Male,Healthcare,3.16,1580.0,Accepted,No,Enrolled
1485,19.0,Fmale,Engineering,3.38,1149.0,Accepted,Yes,Not Enrolled
1412,27.0,Male,Business,3.61,1163.0,Accepted,No,Not Enrolled
1132,20.0,Female,Computer Science,3.05,1020.0,Rejected,No,Not Enrolled
1329,29.0,Male,Engineering,3.24,1037.0,Accepted,Yes,Enrolled
1021,20.0,Mal,Engineering,3.34,1443.0,Accepted,Yes,Enrolled
1318,30.0,Male,Design,3.8,1146.0,Rejected,Yes,Not Enrolled
1299,19.0,Male,Business,2.61,1595.0,Rejected,No,Not Enrolled
1317,,Female,Healthcare,3.25,1384.0,Rejected,Yes,Not Enrolled
1420,26.0,Female,Healthcare,3.23,1043.0,Rejected,Yes,Not Enrolled
1041,19.0,Female,Healthcare,2.31,,Accepted,,Enrolled
1126,17.0,Male,Design,2.58,1376.0,Rejected,Yes,Enrolled
1042,28.0,Male,Design,2.36,1194.0,Rejected,No,Enrolled
1182,27.0,Mal,Design,2.88,1364.0,Rejected,Yes,Enrolled
1254,23.0,Femal,Healthcare,3.94,1329.0,Rejected,Yes,Enrolled
1338,23.0,Female,Business,2.91,,Rejected,No,Enrolled
1174,23.0,Male,Business,2.57,1596.0,Rejected,Yes,Not Enrolled
1263,23.0,Male,Business,3.4,1357.0,Rejected,Yes,Not Enrolled
1370,17.0,Female,Business,3.76,1229.0,Rejected,,Enrolled
1161,29.0,Female,Healthcare,3.43,1014.0,Rejected,No,Not Enrolled
1296,24.0,Mal,Engineering,3.74,1505.0,Accepted,No,Not Enrolled
1108,28.0,Female,Engineering,2.43,906.0,Rejected,Yes,Not Enrolled
1074,26.0,Male,Business,3.87,1037.0,Rejected,Yes,Not Enrolled
1251,25.0,Female,Healthcare,3.43,1015.0,Rejected,Yes,Enrolled
1019,18.0,Male,Healthcare,3.82,951.0,Accepted,No,Not Enrolled
1134,,Male,Healthcare,3.91,1202.0,Rejected,No,Not Enrolled
1332,20.0,Male,Computer Science,3.09,,Rejected,No,Not Enrolled
1264,27.0,Female,Business,2.35,,Accepted,No,Enrolled
1164,18.0,Male,Business,2.4,1417.0,Accepted,No,Enrolled
1479,19.0,Mle,Design,2.56,1306.0,Accepted,No,Not Enrolled
1197,17.0,Male,Engineering,2.66,1123.0,Rejected,Yes,Enrolled
1121,29.0,Male,Healthcare,3.0,1268.0,Rejected,No,Not Enrolled
1122,29.0,Female,Design,3.07,1141.0,Rejected,Yes,Enrolled
1112,23.0,Fmale,Engineering,2.85,1357.0,Rejected,No,Enrolled
1187,29.0,Male,Engineering,2.73,,Accepted,Yes,Enrolled
1310,18.0,Female,Healthcare,3.25,1326.0,Rejected,No,Enrolled
1268,25.0,Male,Business,3.58,,Rejected,Yes,Enrolled
1220,25.0,Male,Computer Science,2.25,1284.0,Rejected,Yes,Not Enrolled
1231,20.0,Female,Healthcare,2.28,1302.0,Rejected,Yes,Not Enrolled
1192,18.0,Male,Computer Science,2.86,1215.0,Accepted,Yes,Not Enrolled
1494,27.0,Female,Engineering,3.79,1315.0,Rejected,Yes,Enrolled
1019,18.0,Male,Healthcare,3.82,951.0,Accepted,No,Not Enrolled
1499,21.0,Male,Healthcare,2.08,957.0,Accepted,Yes,Enrolled
1049,22.0,Male,Computer Science,3.44,1487.0,Accepted,No,Not Enrolled
1422,26.0,Female,Healthcare,3.19,1400.0,Rejected,Yes,Enrolled
1164,,Male,Business,2.4,1417.0,Accepted,No,Enrolled
1362,24.0,Male,Business,3.8,1020.0,Rejected,No,Not Enrolled
1178,21.0,Female,Engineering,2.55,993.0,Rejected,Yes,Not Enrolled
1018,17.0,Female,Healthcare,3.99,1148.0,Rejected,Yes,Not Enrolled
1013,25.0,Female,Healthcare,3.29,1040.0,Accepted,Yes,Enrolled
1052,,Female,Computer Science,3.5,938.0,Rejected,Yes,Not Enrolled
1486,21.0,Female,Healthcare,2.98,1131.0,Accepted,Yes,Not Enrolled
1455,21.0,Mal,Engineering,2.83,1464.0,Rejected,No,Not Enrolled
1017,17.0,Male,Business,3.89,1145.0,Accepted,No,Not Enrolled
1467,21.0,Female,Healthcare,2.75,1083.0,Rejected,,Enrolled
1495,30.0,Male,Engineering,2.79,1288.0,Rejected,Yes,Enrolled
1292,25.0,Male,Business,3.18,1207.0,Rejected,Yes,Enrolled
1226,18.0,Male,Business,,1569.0,Rejected,Yes,Enrolled
1389,17.0,Male,Engineering,2.09,,Rejected,Yes,Enrolled
1233,20.0,Female,Healthcare,2.63,1030.0,Accepted,Yes,Enrolled
1029,,Female,Healthcare,4.0,1383.0,Rejected,Yes,Enrolled
1469,29.0,Mle,Computer Science,2.92,998.0,Accepted,Yes,Not Enrolled
1452,25.0,Mle,Business,2.38,916.0,Rejected,Yes,Enrolled
1466,28.0,Female,Healthcare,2.96,1340.0,Rejected,No,Not Enrolled
1376,21.0,Male,Business,3.17,1267.0,Rejected,No,Enrolled
1237,28.0,Male,Computer Science,2.37,1205.0,Accepted,No,Enrolled
1041,19.0,Female,Healthcare,2.31,,Accepted,No,Enrolled
1480,21.0,Male,Computer Science,2.6,980.0,Rejected,No,Enrolled
1386,20.0,Female,Healthcare,2.53,1108.0,Accepted,No,Not Enrolled
1484,25.0,Female,Healthcare,3.41,1478.0,Rejected,No,Not Enrolled
1482,18.0,Female,Healthcare,3.96,1315.0,Rejected,No,Enrolled
1361,23.0,Male,Design,3.93,1094.0,Rejected,No,Not Enrolled
1211,25.0,Female,Computer Science,3.34,1084.0,Accepted,Yes,Not Enrolled
1352,27.0,Female,Business,2.21,1587.0,Accepted,Yes,Enrolled
1201,25.0,Female,Healthcare,2.33,1333.0,Rejected,Yes,Not Enrolled
1366,23.0,Male,Computer Science,2.38,,Accepted,Yes,Not Enrolled
1376,21.0,Male,Business,3.17,1267.0,Rejected,No,Enrolled
1004,28.0,Male,Computer Science,3.33,1571.0,Rejected,Yes,Not Enrolled
1484,25.0,Female,Healthcare,3.41,1478.0,Rejected,No,Not Enrolled
1340,21.0,Female,Healthcare,2.32,1448.0,Accepted,Yes,Not Enrolled
1085,20.0,Female,Healthcare,3.63,1090.0,Rejected,No,Enrolled
1483,28.0,Male,Business,3.54,1370.0,Accepted,No,Not Enrolled
1169,27.0,Female,Healthcare,2.8,1068.0,Rejected,No,Enrolled
1421,17.0,Female,Healthcare,3.69,1459.0,Accepted,No,Enrolled
1159,,Male,Healthcare,2.36,979.0,Accepted,Yes,Enrolled
1310,18.0,Female,Healthcare,3.25,1326.0,Rejected,No,Enrolled
1023,26.0,Other,Healthcare,2.04,1553.0,Accepted,Yes,Not Enrolled
1264,27.0,Female,Business,2.35,1512.0,Accepted,,Enrolled
1117,20.0,Female,Healthcare,3.28,1486.0,Rejected,Yes,Not Enrolled
1234,26.0,Male,Business,2.56,1128.0,Accepted,No,Not Enrolled
1195,19.0,Male,Computer Science,2.59,1160.0,Rejected,,Not Enrolled
1109,20.0,Male,Design,2.3,1167.0,Accepted,Yes,Not Enrolled
1434,22.0,Male,Computer Science,3.74,1040.0,Accepted,No,Not Enrolled
1432,27.0,Female,Computer Science,2.62,906.0,Rejected,Yes,Not Enrolled
1259,28.0,Female,Healthcare,2.58,968.0,Accepted,No,Enrolled
1092,30.0,Female,Healthcare,2.16,1079.0,Accepted,No,Not Enrolled
1289,30.0,Female,Healthcare,2.26,1433.0,Rejected,Yes,Enrolled
1179,25.0,Male,Business,3.6,1422.0,Accepted,No,Not Enrolled
1125,30.0,Female,Healthcare,3.44,1021.0,Rejected,No,Not Enrolled
1057,26.0,Female,Healthcare,3.57,1306.0,Accepted,Yes,Enrolled
1158,25.0,Female,Healthcare,2.96,1270.0,Rejected,Yes,Enrolled
1416,18.0,Male,Engineering,2.28,1371.0,Accepted,Yes,Enrolled
1460,,Male,Computer Science,3.7,1181.0,Accepted,No,Enrolled
1215,22.0,Female,Healthcare,2.32,1330.0,Accepted,No,Enrolled
1165,19.0,Male,Business,3.58,1107.0,Rejected,Yes,Enrolled
1354,30.0,Male,Computer Science,2.25,1122.0,Rejected,,Not Enrolled
1271,20.0,Female,Healthcare,2.72,1139.0,Rejected,No,Enrolled
1010,18.0,Female,Healthcare,3.42,1177.0,Accepted,No,Not Enrolled
1316,23.0,Male,Engineering,2.34,1450.0,Accepted,No,Not Enrolled
1040,29.0,Female,Hlthcare,,1566.0,Rejected,Yes,Not Enrolled
1467,21.0,Female,Healthcare,2.75,1083.0,Rejected,No,Enrolled
1158,,Female,Healthcare,2.96,1270.0,Rejected,Yes,Enrolled
1262,21.0,Fmale,Computer Science,3.42,934.0,Accepted,,Not Enrolled
1312,27.0,Female,Healthcare,2.19,1052.0,Rejected,No,Enrolled
1255,20.0,Male,Engineering,3.97,1529.0,Accepted,Yes,Not Enrolled
1076,28.0,Male,Computer Science,3.03,1379.0,Rejected,Yes,Not Enrolled
1129,23.0,Male,Healthcare,,1315.0,Rejected,Yes,Enrolled
1240,18.0,Male,Business,2.24,1457.0,Rejected,No,Not Enrolled
1404,17.0,Male,Engineering,3.12,,Accepted,Yes,Not Enrolled
1271,20.0,Female,Healthcare,2.72,1139.0,Rejected,No,Enrolled
1116,25.0,Female,Computer Science,2.48,1496.0,Accepted,Yes,Not Enrolled
1306,24.0,Female,Healthcare,2.16,1587.0,Accepted,Yes,Not Enrolled
1427,26.0,Male,Healthcare,2.95,1436.0,Rejected,Yes,Enrolled
1157,19.0,Male,Computer Science,,1440.0,Rejected,No,Not Enrolled
1297,20.0,Female,Healthcare,3.66,1079.0,Rejected,Yes,Not Enrolled
1147,25.0,Female,Healthcare,3.31,1382.0,Rejected,No,Not Enrolled
1402,25.0,Male,Engineering,2.75,1100.0,Rejected,Yes,Not Enrolled
1054,22.0,Female,Computer Science,2.47,1327.0,Accepted,Yes,Not Enrolled
1399,24.0,Male,Engineering,3.22,1327.0,Rejected,No,Enrolled
1007,20.0,Other,CompSci,3.31,1119.0,Accepted,,Enrolled
1154,23.0,Male,Design,3.29,983.0,Accepted,No,Not Enrolled
1153,26.0,Male,Computer Science,2.68,1510.0,Rejected,Yes,Not Enrolled
1228,30.0,Male,Computer Science,2.74,1021.0,Accepted,No,Enrolled
1444,29.0,Male,Healthcar,3.05,961.0,Accepted,No,Enrolled
1247,24.0,Female,Healthcar,2.4,1254.0,Rejected,No,Not Enrolled
1166,27.0,Female,Engineering,3.77,1486.0,Accepted,Yes,Not Enrolled
1359,20.0,Female,Healthcare,3.73,915.0,Rejected,No,Enrolled
1478,18.0,Male,Healthcare,3.91,1173.0,Rejected,No,Enrolled
1335,25.0,Male,Business,2.49,1562.0,Rejected,Yes,Not Enrolled
1193,21.0,Female,Healthcare,3.99,922.0,Accepted,Yes,Enrolled
1129,23.0,Male,Healthcare,3.14,1315.0,Rejected,Yes,Enrolled
1364,20.0,Male,Computer Science,3.87,1148.0,Rejected,Yes,Enrolled
1114,27.0,Male,Computer Science,2.48,1237.0,Accepted,Yes,Not Enrolled
1150,28.0,Female,Healthcare,3.51,1123.0,Rejected,No,Enrolled
1473,27.0,Female,Healthcare,3.74,1096.0,Accepted,Yes,Enrolled
1204,25.0,Female,Healthcare,3.45,1454.0,Rejected,Yes,Not Enrolled
1115,28.0,Female,Healthcare,2.24,1209.0,Rejected,No,Enrolled
1288,17.0,Female,Healthcare,3.03,1576.0,Rejected,Yes,Enrolled
1302,26.0,Female,Healthcar,2.45,1407.0,Accepted,Yes,Enrolled
1413,30.0,Male,Engineering,3.04,1400.0,Rejected,No,Enrolled
1128,22.0,Female,Healthcare,2.71,1063.0,Rejected,No,Enrolled
1190,27.0,Female,Cmptr Sci,2.17,1373.0,Rejected,Yes,Enrolled
1209,30.0,Female,Healthcare,3.58,1193.0,Accepted,No,Enrolled
1453,20.0,Male,Healthcare,,906.0,Rejected,Yes,Not Enrolled
1255,20.0,Male,Engineering,3.97,1529.0,Accepted,Yes,Not Enrolled
1428,25.0,Female,Engineering,2.03,934.0,Accepted,No,Enrolled
1445,18.0,Female,Healthcare,3.44,1532.0,Rejected,,Enrolled
1274,22.0,Female,Healthcare,3.97,957.0,Rejected,Yes,Not Enrolled
1419,26.0,Female,Healthcare,2.79,1073.0,Accepted,No,Enrolled
1345,24.0,Female,Healthcare,3.72,1589.0,Accepted,No,Enrolled
1400,25.0,Female,Healthcare,2.26,1202.0,Rejected,Yes,Not Enrolled
1136,,Female,Healthcare,3.57,1529.0,Rejected,No,Not Enrolled
1144,19.0,Female,Design,,1282.0,Accepted,Yes,Enrolled
1415,23.0,Male,Computer Science,,1402.0,Accepted,No,Enrolled
1293,,Female,Healthcare,3.54,1181.0,Accepted,No,Enrolled
1279,26.0,Male,Computer Science,3.43,1489.0,Rejected,Yes,Not Enrolled
1243,29.0,Female,Design,2.43,1288.0,Accepted,Yes,Enrolled
1426,26.0,Male,Computer Science,3.13,960.0,Accepted,No,Enrolled
1227,22.0,Female,Healthcare,2.9,1256.0,Accepted,No,Enrolled
1148,25.0,Female,Healthcare,,1450.0,Rejected,No,Not Enrolled
1428,25.0,Female,Engineering,2.03,934.0,Accepted,No,Enrolled
1261,28.0,Male,Engineering,2.32,1508.0,Accepted,Yes,Enrolled
1315,23.0,Male,Business,3.16,1088.0,Rejected,Yes,Enrolled
1432,27.0,Female,CompSci,2.62,906.0,Rejected,Yes,Not Enrolled
1130,21.0,Male,CompSci,2.37,1414.0,Accepted,,Not Enrolled
1386,20.0,Female,Healthcare,2.53,1108.0,Accepted,No,Not Enrolled
1269,24.0,Female,Computer Science,2.47,1311.0,Rejected,Yes,Not Enrolled
1399,24.0,Mal,Engineering,3.22,1327.0,Rejected,No,Enrolled
1487,21.0,Male,Engineering,2.96,1207.0,Accepted,No,Enrolled
1011,27.0,Female,Healthcar,2.17,1475.0,Rejected,Yes,Not Enrolled
1276,26.0,Male,Healthcare,3.77,1415.0,Accepted,Yes,Not Enrolled
1328,22.0,Female,Healthcare,3.14,1442.0,Accepted,No,Not Enrolled
1456,19.0,Male,Computer Science,2.41,1321.0,Accepted,Yes,Not Enrolled
1252,30.0,Other,Computer Science,3.99,932.0,Rejected,Yes,Enrolled
1118,27.0,Femal,Healthcare,3.25,911.0,Rejected,Yes,Not Enrolled
1198,,Male,Engineering,2.59,1492.0,Rejected,Yes,Enrolled
1240,18.0,Mle,Business,2.24,1457.0,Rejected,No,Not Enrolled
1381,25.0,Female,Healthcare,3.35,1409.0,Rejected,Yes,Not Enrolled
1113,21.0,Male,Engineering,3.55,1173.0,Accepted,Yes,Enrolled
1178,21.0,Female,Engineering,2.55,993.0,Rejected,Yes,Not Enrolled
1385,19.0,Male,Healthcare,2.27,1227.0,Rejected,,Not Enrolled
1496,21.0,Female,Healthcare,2.69,1286.0,Rejected,No,Not Enrolled
1353,25.0,Male,Design,2.48,1472.0,Rejected,No,Not Enrolled
1241,29.0,Male,Cmptr Sci,3.55,1334.0,Accepted,,Enrolled
1294,21.0,Female,Engineering,2.26,962.0,Accepted,Yes,Not Enrolled
1183,28.0,Male,Engineering,3.91,1035.0,Rejected,Yes,Not Enrolled
1326,23.0,Female,Healthcare,2.53,1326.0,Rejected,Yes,Enrolled
1155,22.0,Female,Healthcare,3.66,1438.0,Rejected,No,Not Enrolled
1423,18.0,Male,Computer Science,3.01,1088.0,Accepted,No,Not Enrolled
1411,18.0,Female,Healthcare,3.43,1245.0,Accepted,No,Enrolled
1217,19.0,Female,Healthcare,3.7,1291.0,Accepted,No,Enrolled
1370,17.0,Female,Business,3.76,1229.0,Rejected,Yes,Enrolled
1267,24.0,Female,Healthcare,3.97,1150.0,Accepted,No,Enrolled
1253,26.0,Female,Healthcare,3.62,,Accepted,Yes,Not Enrolled
1134,28.0,Male,Healthcare,3.91,1202.0,Rejected,No,Not Enrolled
1139,23.0,Male,Computer Science,3.75,1036.0,Rejected,,Enrolled
1291,18.0,Female,Healthcare,3.1,1323.0,Rejected,Yes,Enrolled
1388,20.0,Female,Healthcare,2.81,1220.0,Accepted,Yes,Not Enrolled
1397,17.0,Female,Engineering,3.65,1498.0,Rejected,Yes,Enrolled
1232,17.0,Male,Computer Science,2.73,1441.0,Accepted,Yes,Not Enrolled
1468,26.0,Female,Healthcare,3.91,1009.0,Accepted,No,Not Enrolled
1323,27.0,Male,Engineering,2.16,959.0,Accepted,Yes,Enrolled
1487,21.0,Male,Engineering,2.96,1207.0,Accepted,No,Enrolled
1358,30.0,Female,Healthcare,3.89,1210.0,Accepted,Yes,Not Enrolled
1006,20.0,Male,Business,2.62,1390.0,Rejected,No,Enrolled
1146,28.0,Male,Engineering,2.48,1462.0,Accepted,Yes,Not Enrolled
1390,26.0,Other,Engineering,2.1,946.0,Rejected,No,Enrolled
1441,21.0,Female,Healthcare,2.46,1417.0,Rejected,No,Not Enrolled
1418,20.0,Mal,Cmptr Sci,2.64,1260.0,Accepted,No,Not Enrolled
1125,30.0,Female,Healthcare,3.44,,Rejected,No,Not Enrolled
1367,17.0,Female,Healthcare,2.32,1306.0,Rejected,No,Not Enrolled
1312,27.0,Female,Healthcare,2.19,1052.0,Rejected,No,Enrolled
1152,23.0,Male,Computer Science,2.7,1596.0,Accepted,No,Enrolled
1357,29.0,Female,Healthcare,2.1,1240.0,Accepted,Yes,Not Enrolled
1060,17.0,Male,Engineering,3.36,1196.0,Rejected,No,Enrolled
1472,17.0,Male,Computer Science,3.35,1146.0,Accepted,No,Not Enrolled
1083,18.0,Female,Healthcare,2.18,1563.0,Rejected,No,Not Enrolled
1304,20.0,Female,Healthcare,3.04,1252.0,Rejected,,Not Enrolled
1091,27.0,Female,Healthcare,2.77,1097.0,Rejected,Yes,Enrolled
1250,21.0,Male,Healthcare,2.35,1093.0,Rejected,No,Not Enrolled
1205,18.0,Female,Business,3.82,961.0,Rejected,No,Enrolled
1166,27.0,Fmale,Engineering,3.77,1486.0,Accepted,Yes,Not Enrolled
1027,28.0,Female,Healthcare,3.53,1323.0,Rejected,No,Enrolled
1039,29.0,Male,Computer Science,3.24,1388.0,Rejected,No,Not Enrolled
1044,22.0,Female,Healthcar,3.25,1192.0,Rejected,Yes,Not Enrolled
1177,,Male,Business,3.31,1400.0,Accepted,Yes,Not Enrolled
1161,29.0,Female,Healthcare,,1014.0,Rejected,No,Not Enrolled
1403,19.0,Male,Engineering,3.97,1237.0,Accepted,Yes,Enrolled
1369,23.0,Male,Engineering,2.93,1465.0,Accepted,Yes,Not Enrolled
1358,30.0,Female,Healthcare,3.89,1210.0,Accepted,Yes,Not Enrolled
1459,20.0,Female,Engineering,2.94,1442.0,Accepted,Yes,Enrolled
1241,29.0,Male,Computer Science,3.55,1334.0,Accepted,No,Enrolled
1101,27.0,Male,Computer Science,2.94,1585.0,Rejected,Yes,Enrolled
1067,25.0,Male,Computer Science,2.32,1243.0,Rejected,Yes,Not Enrolled
1248,25.0,Male,Computer Science,2.27,1058.0,Rejected,Yes,Enrolled
1250,21.0,Male,Healthcare,2.35,1093.0,Rejected,No,Not Enrolled
1080,20.0,Male,Computer Science,2.9,,Rejected,No,Enrolled
1197,17.0,Male,Engineering,2.66,1123.0,Rejected,Yes,Enrolled
1475,25.0,Female,Healthcare,3.61,1439.0,Accepted,Yes,Not Enrolled
1057,26.0,Female,Healthcare,3.57,1306.0,Accepted,Yes,Enrolled
1401,30.0,Male,Computer Science,2.19,1056.0,Accepted,Yes,Enrolled
1213,20.0,Female,Healthcare,3.03,1556.0,Accepted,Yes,Enrolled
1405,25.0,Female,Healthcare,2.73,1288.0,Rejected,No,Enrolled
1303,24.0,Male,Design,3.89,948.0,Rejected,No,Not Enrolled
1410,26.0,Female,Design,2.08,1570.0,Accepted,No,Not Enrolled
1275,17.0,Female,Healthcare,2.26,,Rejected,Yes,Enrolled
1359,20.0,Female,Healthcare,3.73,915.0,Rejected,No,Enrolled
1225,17.0,Male,Computer Science,2.06,1036.0,Rejected,,Enrolled
1005,21.0,Male,Business,3.83,,Rejected,Yes,Enrolled
1277,25.0,Female,Healthcare,2.13,1196.0,Accepted,Yes,Not Enrolled
1149,21.0,Male,Healthcare,3.16,1580.0,Accepted,No,Enrolled
1442,,Female,Healthcare,2.1,1366.0,Rejected,No,Not Enrolled
1118,27.0,Female,Healthcare,3.25,911.0,Rejected,Yes,Not Enrolled
1246,27.0,Male,Computer Science,4.0,1371.0,Rejected,Yes,Enrolled
1050,18.0,Male,Healthcare,3.94,1137.0,Rejected,Yes,Not Enrolled
1233,20.0,Female,Healthcare,2.63,1030.0,Accepted,Yes,Enrolled
1190,27.0,Female,Computer Science,2.17,1373.0,Rejected,Yes,Enrolled
1104,26.0,Female,Computer Science,2.94,1043.0,Rejected,No,Enrolled
1313,23.0,Female,Healthcare,3.28,1207.0,Accepted,Yes,Enrolled
1235,18.0,Female,Healthcare,3.92,903.0,Rejected,No,Not Enrolled
1079,27.0,Female,Healthcare,2.32,1015.0,Accepted,Yes,Not Enrolled
1419,26.0,Female,Healthcare,2.79,1073.0,Accepted,No,Enrolled
1003,17.0,Female,Computer Science,2.16,1352.0,Accepted,Yes,Not Enrolled
1051,18.0,Male,Design,3.22,1447.0,Accepted,Yes,Enrolled
1036,29.0,Female,Design,3.05,1316.0,Accepted,No,Enrolled
1288,17.0,Femal,Healthcare,,1576.0,Rejected,Yes,Enrolled
1350,18.0,Male,Business,3.52,1092.0,Rejected,No,Not Enrolled
1207,27.0,Female,Business,2.87,1383.0,Accepted,No,Not Enrolled
1141,24.0,Female,Healthcare,2.77,1056.0,Accepted,Yes,Enrolled
1030,25.0,Female,Healthcare,,1002.0,Accepted,No,Enrolled
1393,17.0,Female,Healthcare,2.58,1049.0,Accepted,Yes,Not Enrolled
1238,24.0,Female,Hlthcare,,1374.0,Accepted,No,Enrolled
1448,26.0,Other,Design,3.64,1531.0,Accepted,No,Not Enrolled
1281,,Male,Business,2.82,1491.0,Rejected,Yes,Enrolled
1391,28.0,Male,Computer Science,3.12,,Accepted,No,Enrolled
1297,20.0,Female,Healthcare,,1079.0,Rejected,Yes,Not Enrolled
1431,20.0,Female,Healthcare,2.83,949.0,Rejected,Yes,Not Enrolled
1181,17.0,Male,Business,2.8,956.0,Rejected,Yes,Enrolled
1404,17.0,Male,Engineering,3.12,,Accepted,Yes,Not Enrolled
1098,27.0,Male,Engineering,2.29,1235.0,Accepted,Yes,Enrolled
1071,26.0,Other,CompSci,2.1,1456.0,Accepted,Yes,Enrolled
1145,20.0,Female,Engineering,2.14,1325.0,Rejected,Yes,Enrolled
1066,18.0,Male,Business,2.84,1009.0,Rejected,No,Enrolled
1486,21.0,Female,Hlthcare,2.98,1131.0,Accepted,Yes,Not Enrolled
1154,23.0,Male,Design,,983.0,Accepted,,Not Enrolled
1135,22.0,Female,Healthcare,3.09,1276.0,Accepted,No,Not Enrolled
1491,22.0,Female,Healthcare,2.58,1565.0,Accepted,Yes,Not Enrolled
1022,25.0,Female,Engineering,3.02,1131.0,Rejected,Yes,Enrolled
1349,25.0,Male,Computer Science,2.8,974.0,Accepted,No,Enrolled
1477,27.0,Male,Healthcare,2.97,1262.0,Rejected,Yes,Enrolled
1068,21.0,Female,Hlthcare,2.4,1191.0,Rejected,No,Enrolled
1321,27.0,Male,Cmptr Sci,2.08,1047.0,Rejected,Yes,Not Enrolled
1016,23.0,Male,Healthcare,3.41,1500.0,Accepted,Yes,Enrolled
1163,30.0,Female,Healthcare,2.07,1460.0,Rejected,Yes,Not Enrolled
1044,22.0,Fmale,Healthcare,3.25,1192.0,Rejected,Yes,Not Enrolled
1031,23.0,Other,Engineering,2.59,1597.0,Accepted,Yes,Enrolled
1392,25.0,Femal,Engineering,2.73,1126.0,Rejected,Yes,Enrolled
1194,,Female,Healthcare,2.36,1305.0,Accepted,Yes,Enrolled
1272,20.0,Female,Healthcare,3.14,1452.0,Accepted,Yes,Enrolled
1224,24.0,Male,Computer Science,3.9,1452.0,Accepted,No,Enrolled
1300,28.0,Female,Engineering,2.32,1337.0,Accepted,No,Not Enrolled
1056,22.0,Male,Engineering,3.93,937.0,Rejected,Yes,Not Enrolled
1391,28.0,Male,Computer Science,3.12,1476.0,Accepted,No,Enrolled
1348,30.0,Female,Healthcare,2.69,940.0,Rejected,No,Enrolled
1257,29.0,Female,Healthcare,3.42,1146.0,Rejected,Yes,Not Enrolled
1227,22.0,Female,Healthcare,2.9,1256.0,Accepted,No,Enrolled
1232,17.0,Male,Computer Science,2.73,1441.0,Accepted,Yes,Not Enrolled
1304,20.0,Female,Healthcare,3.04,1252.0,Rejected,No,Not Enrolled
1208,21.0,Male,Design,3.28,932.0,Rejected,Yes,Not Enrolled
1260,20.0,Female,Business,2.6,1003.0,Rejected,No,Not Enrolled
1234,26.0,Male,Business,2.56,1128.0,Accepted,No,Not Enrolled
1476,21.0,Male,Engineering,2.53,,Accepted,Yes,Not Enrolled
1470,27.0,Female,Design,3.07,1436.0,Rejected,No,Enrolled
1252,,Other,Computer Science,3.99,932.0,Rejected,Yes,Enrolled
1324,18.0,Male,Computer Science,3.9,1475.0,Accepted,No,Not Enrolled
1374,,Female,Healthcare,2.91,1446.0,Rejected,No,Enrolled
1278,,Male,Computer Science,2.8,1139.0,Rejected,Yes,Not Enrolled
1208,21.0,Male,Design,3.28,932.0,Rejected,Yes,Not Enrolled
1168,29.0,Fmale,Hlthcare,2.62,1053.0,Accepted,No,Enrolled
1059,29.0,Male,Business,2.39,1090.0,Accepted,No,Enrolled
1237,28.0,Male,Cmptr Sci,2.37,1205.0,Accepted,No,Enrolled
1414,20.0,Mle,Engineering,2.3,1557.0,Accepted,Yes,Not Enrolled
1209,30.0,Female,Healthcare,3.58,1193.0,Accepted,No,Enrolled
1491,22.0,Female,Healthcare,2.58,1565.0,Accepted,Yes,Not Enrolled
1331,18.0,Female,Healthcar,3.78,1148.0,Accepted,No,Not Enrolled
1280,20.0,Female,Healthcare,2.96,1226.0,Accepted,No,Enrolled
1111,24.0,Female,Healthcare,3.22,1141.0,Accepted,No,Not Enrolled
1069,30.0,Male,Computer Science,3.21,1365.0,Rejected,No,Enrolled
1402,25.0,Male,Engineering,2.75,1100.0,Rejected,Yes,Not Enrolled
1002,18.0,Female,Healthcare,2.3,1254.0,Accepted,No,Not Enrolled
1452,25.0,Male,Business,2.38,916.0,Rejected,Yes,Enrolled
1497,25.0,Male,Engineering,3.55,1465.0,Rejected,No,Not Enrolled
1065,23.0,Female,Healthcare,3.01,1517.0,Accepted,,Enrolled
1086,30.0,Female,Healthcare,3.77,914.0,Rejected,Yes,Not Enrolled
1212,26.0,Female,Engineering,2.81,1038.0,Rejected,No,Enrolled
1038,17.0,Male,Business,,1387.0,Rejected,Yes,Not Enrolled
1284,27.0,Male,Business,2.25,1228.0,Accepted,Yes,Not Enrolled
1010,18.0,Female,Healthcare,3.42,1177.0,Accepted,No,Not Enrolled
1440,,Female,Engineering,,1123.0,Accepted,Yes,Enrolled
1469,29.0,Male,Computer Science,2.92,998.0,Accepted,Yes,Not Enrolled
1378,28.0,Female,Healthcare,2.56,1167.0,Rejected,Yes,Enrolled
1097,20.0,Female,Healthcare,2.67,1427.0,Rejected,Yes,Not Enrolled
1350,18.0,Male,Business,3.52,1092.0,Rejected,No,Not Enrolled
1410,26.0,Female,Design,2.08,1570.0,Accepted,No,Not Enrolled
1068,21.0,Female,Healthcare,2.4,1191.0,Rejected,No,Enrolled
1356,18.0,Male,Engineering,,1113.0,Rejected,No,Enrolled
1285,17.0,Male,Computer Science,2.63,1142.0,Accepted,No,Not Enrolled
1249,19.0,Male,Engineering,2.15,1182.0,Accepted,No,Enrolled
1015,26.0,Male,Business,2.26,1530.0,Rejected,No,Not Enrolled
1324,18.0,Male,Computer Science,3.9,1475.0,Accepted,No,Not Enrolled
1106,19.0,Female,Healthcare,3.81,1231.0,Accepted,No,Not Enrolled
1400,25.0,Female,Healthcare,2.26,1202.0,Rejected,Yes,Not Enrolled
1282,,Male,Business,2.82,,Accepted,No,Enrolled
1173,23.0,Male,Engineering,3.29,1019.0,Rejected,Yes,Enrolled
1351,17.0,Male,Computer Science,3.03,1501.0,Rejected,No,Not Enrolled
1031,23.0,Other,Engineering,2.59,,Accepted,Yes,Enrolled
1153,26.0,Male,Computer Science,2.68,1510.0,Rejected,Yes,Not Enrolled
1327,28.0,Male,Engineering,2.42,1470.0,Accepted,No,Not Enrolled
1499,21.0,Male,Healthcare,2.08,957.0,Accepted,Yes,Enrolled
1495,30.0,Male,Engineering,2.79,1288.0,Rejected,Yes,Enrolled
1005,21.0,Male,Business,3.83,1162.0,Rejected,Yes,Enrolled
1341,,Male,Business,2.83,,Rejected,Yes,Not Enrolled
1251,25.0,Female,Healthcare,3.43,1015.0,Rejected,Yes,Enrolled
1070,27.0,Female,Healthcare,3.75,1556.0,Accepted,No,Enrolled
1387,21.0,Male,Computer Science,2.73,1279.0,Accepted,Yes,Not Enrolled
1066,18.0,Mle,Business,2.84,1009.0,Rejected,No,Enrolled
1193,21.0,Female,Healthcare,3.99,922.0,Accepted,Yes,Enrolled
1196,24.0,Fmale,Hlthcare,2.21,903.0,Rejected,No,Not Enrolled
1291,18.0,Female,Healthcare,3.1,1323.0,Rejected,Yes,Enrolled
1206,30.0,Male,Healthcare,3.23,970.0,Rejected,,Not Enrolled
1490,28.0,Male,Healthcare,3.44,1569.0,Accepted,No,Enrolled
1188,21.0,Female,Healthcare,3.59,959.0,Rejected,No,Enrolled
1012,28.0,Male,Healthcare,3.12,1178.0,Rejected,Yes,Not Enrolled
1062,24.0,Male,Business,2.88,909.0,Rejected,Yes,Enrolled
1489,20.0,Male,Engineering,3.87,982.0,Rejected,Yes,Not Enrolled
1064,18.0,Female,Healthcare,3.56,1481.0,Accepted,No,Not Enrolled
1368,19.0,Male,Engineering,3.99,1145.0,Rejected,Yes,Enrolled
1256,25.0,Male,CompSci,3.34,916.0,Accepted,No,Not Enrolled
1261,28.0,Mle,Engineering,2.32,,Accepted,Yes,Enrolled
1024,17.0,Male,Engineering,2.62,1138.0,Rejected,Yes,Not Enrolled
1322,27.0,Male,Computer Science,3.73,1374.0,Accepted,No,Enrolled
1474,30.0,Female,Healthcare,,1534.0,Rejected,Yes,Enrolled
1167,19.0,Male,Healthcare,2.63,1449.0,Accepted,Yes,Not Enrolled
1285,17.0,Male,Computer Science,2.63,1142.0,Accepted,No,Not Enrolled
1470,27.0,Female,Design,3.07,1436.0,Rejected,No,Enrolled
1198,28.0,Male,Engineering,2.59,1492.0,Rejected,,Enrolled
1398,26.0,Mal,Business,3.25,1493.0,Accepted,No,Enrolled
1314,,Male,Business,3.18,1285.0,Accepted,Yes,Enrolled
1426,,Male,Computer Science,3.13,960.0,Accepted,No,Enrolled
1330,30.0,Other,Business,2.06,1297.0,Accepted,Yes,Enrolled
1354,30.0,Male,Computer Science,2.25,1122.0,Rejected,Yes,Not Enrolled
1278,20.0,Mle,Computer Science,2.8,1139.0,Rejected,Yes,Not Enrolled
1317,24.0,Female,Healthcare,3.25,1384.0,Rejected,Yes,Not Enrolled
1168,29.0,Female,Healthcare,2.62,1053.0,Accepted,No,Enrolled
1137,27.0,Female,Healthcare,3.02,,Rejected,No,Not Enrolled
1170,23.0,Male,Engineering,3.63,1235.0,Accepted,Yes,Enrolled
1383,28.0,Mal,Computer Science,2.02,1000.0,Accepted,No,Enrolled
1105,27.0,Male,Design,,,Rejected,Yes,Enrolled
1384,24.0,Female,Design,2.21,1380.0,Accepted,No,Not Enrolled
1093,22.0,Female,Healthcare,2.45,1525.0,Accepted,No,Not Enrolled
1473,,Female,Healthcare,3.74,,Accepted,Yes,Enrolled
1340,21.0,Female,Healthcare,2.32,1448.0,Accepted,Yes,Not Enrolled
1222,26.0,Male,Design,3.29,1599.0,Rejected,No,Not Enrolled
1481,18.0,Female,Healthcare,3.88,1282.0,Rejected,No,Not Enrolled
1127,29.0,Male,Healthcare,2.0,1214.0,Accepted,Yes,Not Enrolled
1120,30.0,Female,Healthcare,3.67,1569.0,Rejected,No,Enrolled
1022,25.0,Female,Engineering,3.02,1131.0,Rejected,Yes,Enrolled
1207,27.0,Female,Business,2.87,,Accepted,No,Not Enrolled
1076,28.0,Male,Computer Science,3.03,,Rejected,Yes,Not Enrolled
1112,23.0,Female,Engineering,2.85,1357.0,Rejected,No,Enrolled
1279,26.0,Male,Computer Science,3.43,1489.0,Rejected,Yes,Not Enrolled
1372,21.0,Female,Healthcare,2.18,1289.0,Rejected,No,Not Enrolled
1449,26.0,Male,Engineering,2.48,1394.0,Accepted,Yes,Enrolled
1108,28.0,Female,Engineering,2.43,906.0,Rejected,Yes,Not Enrolled
